cve_id,mdm_name,tga_class,H,B,L,score,risk_level,kev_override,kev_added,kev_due,kev_name,ics_advisory,ics_urls,cvss_version,severity,epss_date,epss_pct,published,description,impact_score
CVE-2020-11899,Treck,IIb,7.5,2.8,0.3325,10.0,Critical,True,2022-03-03,2022-03-17,Treck TCP/IP stack Out-of-Bounds Read Vulnerability,False,,3.1,MEDIUM,2026-04-08,0.96904,2020-06-17T11:15:10.210,The Treck TCP/IP stack before 6.0.1.66 has an IPv6 Out-of-bounds Read.,2.5
CVE-2020-11896,Treck,IIb,7.5,3.9,0.4263,10.0,Critical,False,,,,False,,3.1,CRITICAL,2026-04-08,0.97463,2020-06-17T11:15:09.990,"The Treck TCP/IP stack before 6.0.1.66 allows Remote Code Execution, related to IPv4 tunneling.",6.0
CVE-2020-11898,Treck,IIb,7.5,3.9,0.5797,10.0,Critical,False,,,,False,,3.1,CRITICAL,2026-04-08,0.98179,2020-06-17T11:15:10.147,"The Treck TCP/IP stack before 6.0.1.66 improperly handles an IPv4/ICMPv4 Length Parameter Inconsistency, which might allow remote attackers to trigger an information leak.",5.2
CVE-2020-11901,Treck,IIb,7.5,2.2,0.3559,10.0,Critical,False,,,,False,,3.1,CRITICAL,2026-04-08,0.97058,2020-06-17T11:15:10.350,The Treck TCP/IP stack before 6.0.1.66 allows Remote Code execution via a single invalid DNS response.,6.0
CVE-2017-12718,ICU Medical,IIb,7.5,2.2,0.2577,8.03,Critical,False,,,,True,https://ics-cert.us-cert.gov/advisories/ICSMA-17-250-02A; https://ics-cert.us-cert.gov/advisories/ICSMA-17-250-02A,3.0,HIGH,2026-04-08,0.96244,2018-02-15T10:29:00.227,"A Classic Buffer Overflow issue was discovered in Smiths Medical Medfusion 4000 Wireless Syringe Infusion Pump, Version 1.1, 1.5, and 1.6. A third-party component used in the pump does not verify inpu...",5.9
CVE-2018-14786,Becton Dickinson,IIb,7.5,3.9,0.0732,6.14,High,False,,,,True,https://ics-cert.us-cert.gov/advisories/ICSMA-18-235-01; https://ics-cert.us-cert.gov/advisories/ICSMA-18-235-01,3.0,CRITICAL,2026-04-08,0.91681,2018-08-23T19:29:00.800,"Becton, Dickinson and Company (BD) Alaris Plus medical syringe pumps (models Alaris GS, Alaris GH, Alaris CC, and Alaris TIVA) versions 2.3.6 and prior are affected by an improper authentication vulne...",5.5
CVE-2020-11900,Treck,IIb,7.5,3.9,0.0594,5.53,Medium,False,,,,False,,3.1,HIGH,2026-04-08,0.90625,2020-06-17T11:15:10.273,The Treck TCP/IP stack before 6.0.1.41 has an IPv4 tunneling Double Free.,4.2
CVE-2020-11902,Treck,IIb,7.5,3.9,0.0506,5.14,Medium,False,,,,False,,3.1,HIGH,2026-04-08,0.89775,2020-06-17T11:15:10.430,The Treck TCP/IP stack before 6.0.1.66 has an IPv6OverIPv4 tunneling Out-of-bounds Read.,3.4
CVE-2020-11904,Treck,IIb,7.5,3.9,0.0345,4.44,Medium,False,,,,False,,3.1,HIGH,2026-04-08,0.87482,2020-06-17T11:15:10.587,The Treck TCP/IP stack before 6.0.1.66 has an Integer Overflow during Memory Allocation that causes an Out-of-Bounds Write.,3.4
CVE-2016-5085,J&J (legacy),IIb,7.5,3.9,0.032,4.33,Medium,False,,,,True,https://ics-cert.us-cert.gov/advisories/ICSMA-16-279-01; https://ics-cert.us-cert.gov/advisories/ICSMA-16-279-01,3.0,HIGH,2026-04-08,0.8699,2016-10-05T10:59:11.643,"Johnson & Johnson Animas OneTouch Ping devices do not properly generate random numbers, which makes it easier for remote attackers to spoof meters by sniffing the network and then engaging in an authe...",3.6
CVE-2020-11913,Treck,IIb,7.5,3.9,0.0318,4.32,Medium,False,,,,False,,3.1,MEDIUM,2026-04-08,0.86947,2020-06-17T11:15:11.287,The Treck TCP/IP stack before 6.0.1.66 has an IPv6 Out-of-bounds Read.,1.4
CVE-2016-5086,J&J (legacy),IIb,7.5,3.9,0.0301,4.25,Medium,False,,,,True,https://ics-cert.us-cert.gov/advisories/ICSMA-16-279-01; https://ics-cert.us-cert.gov/advisories/ICSMA-16-279-01,3.0,CRITICAL,2026-04-08,0.86591,2016-10-05T10:59:12.923,Johnson & Johnson Animas OneTouch Ping devices allow remote attackers to bypass authentication via replay attacks.,5.9
CVE-2016-5686,J&J (legacy),IIb,7.5,3.9,0.0301,4.24,Medium,False,,,,False,,3.0,CRITICAL,2026-04-08,0.86568,2016-10-05T10:59:14.267,"Johnson & Johnson Animas OneTouch Ping devices mishandle acknowledgements, which makes it easier for remote attackers to bypass authentication via a custom communication protocol.",5.9
CVE-2020-11911,Treck,IIb,7.5,3.9,0.0294,4.22,Medium,False,,,,False,,3.1,MEDIUM,2026-04-08,0.86424,2020-06-17T11:15:11.100,The Treck TCP/IP stack before 6.0.1.66 has Improper ICMPv4 Access Control.,1.4
CVE-2020-11910,Treck,IIb,7.5,3.9,0.0293,4.21,Medium,False,,,,False,,3.1,MEDIUM,2026-04-08,0.86401,2020-06-17T11:15:11.023,The Treck TCP/IP stack before 6.0.1.66 has an ICMPv4 Out-of-bounds Read.,1.4
CVE-2021-27485,Zoll Medical,III,10.0,3.9,0.002,4.02,Medium,False,,,,True,https://us-cert.cisa.gov/ics/advisories/icsma-21-161-01; https://us-cert.cisa.gov/ics/advisories/icsma-21-161-01,3.1,HIGH,2026-04-08,0.4188,2021-06-16T13:15:11.713,"ZOLL Defibrillator Dashboard, v prior to 2.2,The application allows users to store their passwords in a recoverable format, which could allow an attacker to retrieve the credentials from the web brows...",3.6
CVE-2020-11909,Treck,IIb,7.5,3.9,0.0243,3.99,Medium,False,,,,False,,3.1,MEDIUM,2026-04-08,0.85141,2020-06-17T11:15:10.960,The Treck TCP/IP stack before 6.0.1.66 has an IPv4 Integer Underflow.,1.4
CVE-2020-11897,Treck,IIb,7.5,3.9,0.0184,3.73,Medium,False,,,,False,,3.1,CRITICAL,2026-04-08,0.82943,2020-06-17T11:15:10.087,The Treck TCP/IP stack before 5.0.1.35 has an Out-of-Bounds Write via multiple malformed IPv6 packets.,6.0
CVE-2020-11912,Treck,IIb,7.5,3.9,0.0154,3.6,Medium,False,,,,False,,3.1,MEDIUM,2026-04-08,0.81377,2020-06-17T11:15:11.193,The Treck TCP/IP stack before 6.0.1.66 has a TCP Out-of-bounds Read.,1.4
CVE-2016-5084,J&J (legacy),IIb,7.5,3.9,0.0124,3.47,Medium,False,,,,True,https://ics-cert.us-cert.gov/advisories/ICSMA-16-279-01; https://ics-cert.us-cert.gov/advisories/ICSMA-16-279-01,3.0,HIGH,2026-04-08,0.79203,2016-10-05T10:59:10.640,"Johnson & Johnson Animas OneTouch Ping devices do not use encryption for certain data, which might allow remote attackers to obtain sensitive information by sniffing the network.",3.6
CVE-2019-10959,Becton Dickinson,IIb,7.5,3.9,0.0106,3.39,Medium,False,,,,True,https://ics-cert.us-cert.gov/advisories/ICSMA-19-164-01; https://ics-cert.us-cert.gov/advisories/ICSMA-19-164-01,3.0,CRITICAL,2026-04-08,0.77645,2019-06-13T21:29:15.817,"BD Alaris Gateway Workstation Versions, 1.1.3 Build 10, 1.1.3 MR Build 11, 1.2 Build 15, 1.3.0 Build 14, 1.3.1 Build 13, This does not impact the latest firmware Versions 1.3.2 and 1.6.1, Additionally...",6.0
CVE-2017-12722,ICU Medical,IIb,7.5,3.9,0.0085,3.3,Medium,False,,,,True,https://ics-cert.us-cert.gov/advisories/ICSMA-17-250-02A; https://ics-cert.us-cert.gov/advisories/ICSMA-17-250-02A,3.0,MEDIUM,2026-04-08,0.74854,2018-02-15T10:29:00.383,"An Out-of-bounds Read issue was discovered in Smiths Medical Medfusion 4000 Wireless Syringe Infusion Pump, Version 1.1, 1.5, and 1.6. A third-party component used in the pump reads memory out of boun...",1.4
CVE-2014-5432,Baxter,IIb,7.5,3.9,0.0059,3.18,Medium,False,,,,True,https://ics-cert.us-cert.gov/advisories/ICSA-15-181-01; https://ics-cert.us-cert.gov/advisories/ICSA-15-181-01,3.0,CRITICAL,2026-04-08,0.69236,2019-03-26T16:29:00.290,Baxter SIGMA Spectrum Infusion System version 6.05 (model 35700BAX) with wireless battery module (WBM) version 16 is remotely accessible via Port 22/SSH without authentication. A remote attacker may b...,5.9
CVE-2015-3954,ICU Medical,IIb,7.5,3.9,0.0053,3.16,Medium,False,,,,True,https://ics-cert.us-cert.gov/advisories/ICSA-15-161-01; https://ics-cert.us-cert.gov/advisories/ICSA-15-161-01,3.0,CRITICAL,2026-04-08,0.67376,2019-03-25T17:29:00.670,"Hospira Plum A+ Infusion System version 13.4 and prior, Plum A+3 Infusion System version 13.6 and prior, and Symbiq Infusion System, version 3.13 and prior give unauthenticated users root privileges o...",5.9
CVE-2015-7909,ICU Medical,IIb,7.5,3.9,0.0039,3.1,Medium,False,,,,True,https://ics-cert.us-cert.gov/advisories/ICSA-15-337-02; https://ics-cert.us-cert.gov/advisories/ICSA-15-337-02,3.0,HIGH,2026-04-08,0.59869,2016-01-22T11:59:02.773,"Stack-based buffer overflow in Hospira Communication Engine (CE) before 1.2 in LifeCare PCA Infusion System 5.07, Plum A+ Infusion System 13.40, and Plum A+3 Infusion System 13.40 allows remote attack...",3.4
CVE-2021-23233,Fresenius Kabi,IIb,7.5,3.9,0.0032,3.06,Medium,False,,,,True,https://www.cisa.gov/uscert/ics/advisories/icsma-21-355-01; https://www.cisa.gov/uscert/ics/advisories/icsma-21-355-01,3.1,HIGH,2026-04-08,0.54928,2022-01-21T19:15:08.123,Sensitive endpoints in Fresenius Kabi Agilia Link+ v3.0 and prior can be accessed without any authentication information such as the session cookie. An attacker can send requests to sensitive endpoint...,3.4
CVE-2014-5434,Baxter,IIb,7.5,3.9,0.0025,3.03,Medium,False,,,,True,https://ics-cert.us-cert.gov/advisories/ICSA-15-181-01; https://ics-cert.us-cert.gov/advisories/ICSA-15-181-01,3.0,CRITICAL,2026-04-08,0.48108,2019-03-26T15:29:00.287,Baxter SIGMA Spectrum Infusion System version 6.05 (model 35700BAX) with wireless battery module (WBM) version 16 has a default account with hard-coded credentials used with the FTP protocol. Baxter a...,5.9
CVE-2015-3953,ICU Medical,IIb,7.5,3.9,0.0025,3.03,Medium,False,,,,True,https://ics-cert.us-cert.gov/advisories/ICSA-15-161-01; https://ics-cert.us-cert.gov/advisories/ICSA-15-161-01,3.0,CRITICAL,2026-04-08,0.4806,2019-03-25T17:29:00.623,"Hard-coded accounts may be used to access Hospira Plum A+ Infusion System version 13.4 and prior, Plum A+3 Infusion System version 13.6 and prior, and Symbiq Infusion System, version 3.13 and prior. H...",5.9
CVE-2021-27489,Zoll Medical,III,10.0,2.8,0.0054,3.03,Medium,False,,,,True,https://us-cert.cisa.gov/ics/advisories/icsma-21-161-01; https://us-cert.cisa.gov/ics/advisories/icsma-21-161-01,3.1,HIGH,2026-04-08,0.67735,2021-06-16T12:15:12.443,"ZOLL Defibrillator Dashboard, v prior to 2.2, The web application allows a non-administrative user to upload a malicious file. This file could allow an attacker to remotely execute arbitrary commands.",5.9
CVE-2017-12726,ICU Medical,IIb,7.5,3.9,0.0022,3.02,Medium,False,,,,True,https://ics-cert.us-cert.gov/advisories/ICSMA-17-250-02A; https://ics-cert.us-cert.gov/advisories/ICSMA-17-250-02A,3.0,HIGH,2026-04-08,0.44855,2018-02-15T10:29:00.570,"A Use of Hard-coded Password issue was discovered in Smiths Medical Medfusion 4000 Wireless Syringe Infusion Pump, Version 1.1, 1.5, and 1.6. Telnet on the pump uses hardcoded credentials, which can b...",3.4
CVE-2020-25165,Becton Dickinson,IIb,7.5,3.9,0.0021,3.02,Medium,False,,,,True,https://us-cert.cisa.gov/ics/advisories/icsma-20-317-01; https://us-cert.cisa.gov/ics/advisories/icsma-20-317-01,3.1,HIGH,2026-04-08,0.43146,2020-11-13T16:15:18.027,"BD Alaris PC Unit, Model 8015, Versions 9.33.1 and earlier and BD Alaris Systems Manager, Versions 4.33 and earlier The affected products are vulnerable to a network session authentication vulnerabili...",3.6
CVE-2014-5433,Baxter,IIb,7.5,3.9,0.0019,3.01,Medium,False,,,,True,https://ics-cert.us-cert.gov/advisories/ICSA-15-181-01; https://ics-cert.us-cert.gov/advisories/ICSA-15-181-01,3.0,CRITICAL,2026-04-08,0.41112,2019-03-26T16:29:00.337,An unauthenticated remote attacker may be able to execute commands to view wireless account credentials that are stored in cleartext on Baxter SIGMA Spectrum Infusion System version 6.05 (model 35700B...,5.9
CVE-2020-12040,Baxter,IIb,7.5,3.9,0.002,3.01,Medium,False,,,,True,https://www.us-cert.gov/ics/advisories/icsma-20-170-04; https://www.us-cert.gov/ics/advisories/icsma-20-170-04,3.1,CRITICAL,2026-04-08,0.4199,2020-06-29T14:15:11.677,Sigma Spectrum Infusion System v's6.x (model 35700BAX) and Baxter Spectrum Infusion System Version(s) 8.x (model 35700BAX2) at the application layer uses an unauthenticated clear-text communication ch...,5.9
CVE-2021-23236,Fresenius Kabi,IIb,7.5,3.9,0.0021,3.01,Medium,False,,,,True,https://www.cisa.gov/uscert/ics/advisories/icsma-21-355-01; https://www.cisa.gov/uscert/ics/advisories/icsma-21-355-01,3.1,HIGH,2026-04-08,0.42711,2022-01-21T19:15:08.177,"Requests may be used to interrupt the normal operation of the device. When exploited, Fresenius Kabi Agilia Link+ version 3.0 must be rebooted via a hard reset triggered by pressing a button on the ra...",3.6
CVE-2021-33843,Fresenius Kabi,IIb,7.5,3.9,0.002,3.01,Medium,False,,,,True,https://www.cisa.gov/uscert/ics/advisories/icsma-21-355-01; https://www.cisa.gov/uscert/ics/advisories/icsma-21-355-01,3.1,MEDIUM,2026-04-08,0.41665,2022-01-21T19:15:08.947,Fresenius Kabi Agilia SP MC WiFi vD25 and prior has a default configuration page accessible without authentication. An attacker may use this functionality to change the exposed configuration values su...,1.4
CVE-2015-3956,ICU Medical,IIb,7.5,3.9,0.0018,3.0,Medium,False,,,,True,https://ics-cert.us-cert.gov/advisories/ICSA-15-161-01; https://ics-cert.us-cert.gov/advisories/ICSA-15-161-01,3.0,CRITICAL,2026-04-08,0.39603,2019-03-25T18:29:00.323,"Hospira Plum A+ Infusion System version 13.4 and prior, Plum A+3 Infusion System version 13.6 and prior, and Symbiq Infusion System, version 3.13 and prior accept drug libraries, firmware updates, pum...",5.9
CVE-2019-10962,Becton Dickinson,IIb,7.5,3.9,0.0015,2.99,Low,False,,,,True,https://ics-cert.us-cert.gov/advisories/ICSMA-19-164-01; https://ics-cert.us-cert.gov/advisories/ICSMA-19-164-01,3.1,MEDIUM,2026-04-08,0.3561,2019-06-13T21:29:15.877,"BD Alaris Gateway versions, 1.0.13,1.1.3 Build 10,1.1.3 MR Build 11,1.1.5, and 1.1.6, The web browser user interface on the Alaris Gateway Workstation does not prevent an attacker with knowledge of th...",1.4
CVE-2015-3952,ICU Medical,IIb,7.5,3.9,0.0012,2.98,Low,False,,,,True,https://ics-cert.us-cert.gov/advisories/ICSA-15-161-01; https://ics-cert.us-cert.gov/advisories/ICSA-15-161-01,3.0,HIGH,2026-04-08,0.31007,2019-03-25T16:29:00.303,"Wireless keys are stored in plain text on Hospira Plum A+ Infusion System version 13.4 and prior, Plum A+3 Infusion System version 13.6 and prior, and Symbiq Infusion System, version 3.13 and prior. H...",3.6
CVE-2015-1012,ICU Medical,IIb,7.5,3.9,0.0011,2.97,Low,False,,,,True,https://ics-cert.us-cert.gov/advisories/ICSA-15-125-01; https://ics-cert.us-cert.gov/advisories/ICSA-15-125-01,3.0,HIGH,2026-04-08,0.29772,2019-03-25T19:29:00.290,"Wireless keys are stored in plain text on version 5 of the Hospira LifeCare PCA Infusion System. According to Hospira, version 3 of the LifeCare PCA Infusion System is not indicated for wireless use, ...",3.6
CVE-2017-12712,Abbott,III,10.0,2.8,0.0038,2.96,Low,False,,,,True,https://ics-cert.us-cert.gov/advisories/ICSMA-17-241-01; https://ics-cert.us-cert.gov/advisories/ICSMA-17-241-01,3.0,HIGH,2026-04-08,0.59461,2018-04-25T13:29:00.227,"The authentication algorithm in Abbott Laboratories pacemakers manufactured prior to Aug 28, 2017, which involves an authentication key and time stamp, can be compromised or bypassed, which may allow ...",5.9
CVE-2021-31562,Fresenius Kabi,IIb,7.5,3.9,0.0009,2.96,Low,False,,,,True,https://www.cisa.gov/uscert/ics/advisories/icsma-21-355-01; https://www.cisa.gov/uscert/ics/advisories/icsma-21-355-01,3.1,MEDIUM,2026-04-08,0.25241,2022-01-21T19:15:08.777,The SSL/TLS configuration of Fresenius Kabi Agilia Link + version 3.0 has serious deficiencies that may allow an attacker to compromise SSL/TLS sessions in different ways. An attacker may be able to e...,2.5
CVE-2021-41835,Fresenius Kabi,IIb,7.5,3.9,0.0005,2.95,Low,False,,,,True,https://www.cisa.gov/uscert/ics/advisories/icsma-21-355-01; https://www.cisa.gov/uscert/ics/advisories/icsma-21-355-01,3.1,HIGH,2026-04-08,0.15251,2022-01-21T19:15:09.217,"Fresenius Kabi Agilia Link + version 3.0 does not enforce transport layer encryption. Therefore, transmitted data may be sent in cleartext. Transport layer encryption is offered on Port TCP/443, but t...",3.4
CVE-2025-12994,Medtronic,IIb,7.5,3.9,0.0006,2.95,Low,False,,,,False,,3.1,MEDIUM,2026-04-08,0.1769,2025-12-04T20:16:17.037,Medtronic CareLink Network allows an unauthenticated remote attacker to initiate a request for security questions to an API endpoint that could be used to determine a valid user account. This issue af...,1.4
CVE-2017-12714,Abbott,III,10.0,2.8,0.0022,2.89,Low,False,,,,True,https://ics-cert.us-cert.gov/advisories/ICSMA-17-241-01; https://ics-cert.us-cert.gov/advisories/ICSMA-17-241-01,3.0,MEDIUM,2026-04-08,0.4409,2018-04-25T13:29:00.287,"Abbott Laboratories pacemakers manufactured prior to Aug 28, 2017 do not restrict or limit the number of correctly formatted ""RF wake-up"" commands that can be received, which may allow a nearby attack...",3.6
CVE-2021-27479,Zoll Medical,III,10.0,2.8,0.0014,2.86,Low,False,,,,True,https://us-cert.cisa.gov/ics/advisories/icsma-21-161-01; https://us-cert.cisa.gov/ics/advisories/icsma-21-161-01,3.1,MEDIUM,2026-04-08,0.33812,2021-06-16T13:15:11.443,"ZOLL Defibrillator Dashboard, v prior to 2.2,The affected product’s web application could allow a low privilege user to inject parameters to contain malicious scripts to be executed by higher privileg...",2.5
CVE-2017-12716,Abbott,III,10.0,2.8,0.0004,2.82,Low,False,,,,True,https://ics-cert.us-cert.gov/advisories/ICSMA-17-241-01; https://ics-cert.us-cert.gov/advisories/ICSMA-17-241-01,3.0,MEDIUM,2026-04-08,0.10623,2018-04-25T13:29:00.333,"Abbott Laboratories Accent and Anthem pacemakers manufactured prior to Aug 28, 2017 transmit unencrypted patient information via RF communications to programmers and home monitoring units. Additionall...",3.6
CVE-2020-11907,Treck,IIb,7.5,2.8,0.0109,2.44,Low,False,,,,False,,3.1,MEDIUM,2026-04-08,0.77898,2020-06-17T11:15:10.820,The Treck TCP/IP stack before 6.0.1.66 improperly handles a Length Parameter Inconsistency in TCP.,3.4
CVE-2020-11906,Treck,IIb,7.5,2.8,0.008,2.35,Low,False,,,,False,,3.1,MEDIUM,2026-04-08,0.74082,2020-06-17T11:15:10.727,The Treck TCP/IP stack before 6.0.1.66 has an Ethernet Link Layer Integer Underflow.,3.4
CVE-2020-11903,Treck,IIb,7.5,2.8,0.0071,2.32,Low,False,,,,False,,3.1,MEDIUM,2026-04-08,0.7229,2020-06-17T11:15:10.507,The Treck TCP/IP stack before 6.0.1.28 has a DHCP Out-of-bounds Read.,3.6
CVE-2020-11905,Treck,IIb,7.5,2.8,0.0057,2.28,Low,False,,,,False,,3.1,MEDIUM,2026-04-08,0.68738,2020-06-17T11:15:10.647,The Treck TCP/IP stack before 6.0.1.66 has a DHCPv6 Out-of-bounds Read.,3.6
CVE-2020-11908,Treck,IIb,7.5,2.8,0.0056,2.28,Low,False,,,,False,,3.1,MEDIUM,2026-04-08,0.68325,2020-06-17T11:15:10.897,The Treck TCP/IP stack before 4.7.1.27 mishandles '\0' termination in DHCP.,1.4
CVE-2020-8997,Abbott,IIb,7.5,2.8,0.0056,2.27,Low,False,,,,False,,3.1,HIGH,2026-04-08,0.6811,2020-02-16T18:15:10.987,Older generation Abbott FreeStyle Libre sensors allow remote attackers within close proximity to enable write access to memory via a specific NFC unlock command. NOTE: The vulnerability is not present...,5.9
CVE-2020-11914,Treck,IIb,7.5,2.8,0.0051,2.26,Low,False,,,,False,,3.1,MEDIUM,2026-04-08,0.66375,2020-06-17T11:15:11.367,The Treck TCP/IP stack before 6.0.1.66 has an ARP Out-of-bounds Read.,1.4
CVE-2017-9657,Philips,IIb,7.5,2.8,0.0036,2.21,Low,False,,,,True,https://ics-cert.us-cert.gov/advisories/ICSMA-17-255-01; https://ics-cert.us-cert.gov/advisories/ICSMA-17-255-01,3.0,MEDIUM,2026-04-08,0.58165,2018-04-30T15:29:00.163,"Under specific 802.11 network conditions, a partial re-association of the Philips IntelliVue MX40 Version B.06.18 WLAN monitor to the central monitoring station is possible. In this state, the central...",3.6
CVE-2017-9658,Philips,IIb,7.5,2.8,0.0033,2.2,Low,False,,,,True,https://ics-cert.us-cert.gov/advisories/ICSMA-17-255-01; https://ics-cert.us-cert.gov/advisories/ICSMA-17-255-01,3.0,MEDIUM,2026-04-08,0.55706,2018-04-30T15:29:00.227,"Certain 802.11 network management messages have been determined to invoke wireless access point blacklisting security defenses when not required, which can necessitate intervention by hospital staff t...",3.6
CVE-2018-18562,Roche,IIb,7.5,2.8,0.0022,2.17,Low,False,,,,True,https://ics-cert.us-cert.gov/advisories/ICSMA-18-310-01; https://ics-cert.us-cert.gov/advisories/ICSMA-18-310-01,3.0,HIGH,2026-04-08,0.44817,2018-11-20T19:29:00.793,An issue was discovered in Roche Accu-Chek Inform II Base Unit / Base Unit Hub before 03.01.04 and CoaguChek / cobas h232 Handheld Base Unit before 03.01.04. Weak access credentials may enable attacke...,5.9
CVE-2018-18563,Roche,IIb,7.5,2.8,0.0022,2.17,Low,False,,,,True,https://ics-cert.us-cert.gov/advisories/ICSMA-18-310-01; https://ics-cert.us-cert.gov/advisories/ICSMA-18-310-01,3.0,CRITICAL,2026-04-08,0.44243,2018-11-20T19:29:00.853,"An issue was discovered in Roche Accu-Chek Inform II Instrument before 03.06.00 (Serial number below 14000) and 04.x before 04.03.00 (Serial Number above 14000), CoaguChek Pro II before 04.03.00, Coag...",6.0
CVE-2019-6538,Medtronic,IIb,7.5,2.8,0.0022,2.17,Low,False,,,,True,https://ics-cert.us-cert.gov/advisories/ICSMA-19-080-01; https://ics-cert.us-cert.gov/advisories/ICSMA-19-080-01,3.1,CRITICAL,2026-04-08,0.44634,2019-03-25T22:29:00.763,"The Conexus telemetry protocol utilized within Medtronic MyCareLink Monitor versions 24950 and 24952, CareLink Monitor version 2490C, CareLink 2090 Programmer, Amplia CRT-D, Claria CRT-D, Compia CRT-D...",5.8
CVE-2018-18564,Roche,IIb,7.5,2.8,0.0015,2.15,Low,False,,,,True,https://ics-cert.us-cert.gov/advisories/ICSMA-18-310-01; https://ics-cert.us-cert.gov/advisories/ICSMA-18-310-01,3.0,HIGH,2026-04-08,0.36143,2018-11-20T19:29:00.900,"An issue was discovered in Roche Accu-Chek Inform II Instrument before 03.06.00 (Serial number below 14000) and 04.x before 04.03.00 (Serial Number above 14000), CoaguChek Pro II before 04.03.00, and ...",4.0
CVE-2020-27258,Generic,IIb,7.5,2.8,0.0014,2.14,Low,False,,,,True,https://us-cert.cisa.gov/ics/advisories/icsma-21-012-01; https://us-cert.cisa.gov/ics/advisories/icsma-21-012-01,3.1,MEDIUM,2026-04-08,0.34402,2021-01-19T21:15:14.047,"In SOOIL Developments Co., Ltd Diabecare RS, AnyDana-i and AnyDana-A, an information disclosure vulnerability in the communication protocol of the insulin pump and its AnyDana-i and AnyDana-A mobile a...",3.6
CVE-2020-27266,Generic,IIb,7.5,2.8,0.0007,2.12,Low,False,,,,True,https://us-cert.cisa.gov/ics/advisories/icsma-21-012-01; https://us-cert.cisa.gov/ics/advisories/icsma-21-012-01,3.1,MEDIUM,2026-04-08,0.20863,2021-01-19T22:15:12.380,"In SOOIL Developments Co., Ltd Diabecare RS, AnyDana-i and AnyDana-A, a client-side control vulnerability in the insulin pump and its AnyDana-i and AnyDana-A mobile applications allows physically prox...",3.6
CVE-2020-27268,Generic,IIb,7.5,2.8,0.0007,2.12,Low,False,,,,True,https://us-cert.cisa.gov/ics/advisories/icsma-21-012-01; https://us-cert.cisa.gov/ics/advisories/icsma-21-012-01,3.1,MEDIUM,2026-04-08,0.21898,2021-01-19T22:15:12.427,"In SOOIL Developments Co., Ltd Diabecare RS, AnyDana-i and AnyDana-A, a client-side control vulnerability in the insulin pump and its AnyDana-i and AnyDana-A mobile applications allows physically prox...",3.6
CVE-2019-6540,Medtronic,IIb,7.5,2.8,0.0002,2.11,Low,False,,,,True,https://ics-cert.us-cert.gov/advisories/ICSMA-19-080-01; https://ics-cert.us-cert.gov/advisories/ICSMA-19-080-01,3.1,MEDIUM,2026-04-08,0.04709,2019-03-26T18:29:01.060,"The Conexus telemetry protocol utilized within Medtronic MyCareLink Monitor versions 24950 and 24952, CareLink Monitor version 2490C, CareLink 2090 Programmer, Amplia CRT-D, Claria CRT-D, Compia CRT-D...",3.6
CVE-2017-12720,ICU Medical,IIb,7.5,2.2,0.0123,1.96,Low,False,,,,True,https://ics-cert.us-cert.gov/advisories/ICSMA-17-250-02A; https://ics-cert.us-cert.gov/advisories/ICSMA-17-250-02A,3.0,HIGH,2026-04-08,0.79182,2018-02-15T10:29:00.273,"An Improper Access Control issue was discovered in Smiths Medical Medfusion 4000 Wireless Syringe Infusion Pump, Version 1.1, 1.5, and 1.6. The FTP server on the pump does not require authentication i...",5.9
CVE-2020-10627,Insulet,IIb,7.5,2.5,0.0008,1.9,Low,False,,,,True,https://us-cert.cisa.gov/ics/advisories/icsma-20-079-01; https://us-cert.cisa.gov/ics/advisories/icsma-20-079-01,3.1,HIGH,2026-04-08,0.24682,2021-12-01T16:15:07.390,Insulet Omnipod Insulin Management System insulin pump product ID 19191 and 40160 is designed to communicate using a wireless RF with an Insulet manufactured Personal Diabetes Manager device. This wir...,4.7
CVE-2021-27481,Zoll Medical,III,10.0,1.8,0.0003,1.81,Low,False,,,,True,https://us-cert.cisa.gov/ics/advisories/icsma-21-161-01; https://us-cert.cisa.gov/ics/advisories/icsma-21-161-01,3.1,MEDIUM,2026-04-08,0.08912,2021-06-16T12:15:12.217,"ZOLL Defibrillator Dashboard, v prior to 2.2, The affected products utilize an encryption key in the data exchange process, which is hardcoded. This could allow an attacker to gain access to sensitive...",3.6
CVE-2021-27483,Zoll Medical,III,10.0,1.8,0.0004,1.81,Low,False,,,,True,https://us-cert.cisa.gov/ics/advisories/icsma-21-161-01; https://us-cert.cisa.gov/ics/advisories/icsma-21-161-01,3.1,HIGH,2026-04-08,0.11075,2021-06-16T13:15:11.527,"ZOLL Defibrillator Dashboard, v prior to 2.2,The affected products contain insecure filesystem permissions that could allow a lower privilege user to escalate privileges to an administrative level use...",5.9
CVE-2021-27487,Zoll Medical,III,10.0,1.8,0.0003,1.81,Low,False,,,,True,https://us-cert.cisa.gov/ics/advisories/icsma-21-161-01; https://us-cert.cisa.gov/ics/advisories/icsma-21-161-01,3.1,MEDIUM,2026-04-08,0.08049,2021-06-16T12:15:12.357,"ZOLL Defibrillator Dashboard, v prior to 2.2, The affected products contain credentials stored in plaintext. This could allow an attacker to gain access to sensitive information.",3.6
CVE-2018-18565,Roche,IIb,7.5,2.3,0.0019,1.77,Low,False,,,,True,https://ics-cert.us-cert.gov/advisories/ICSMA-18-310-01; https://ics-cert.us-cert.gov/advisories/ICSMA-18-310-01,3.0,MEDIUM,2026-04-08,0.40696,2018-11-20T19:29:00.963,"An issue was discovered in Roche Accu-Chek Inform II Instrument before 03.06.00 (Serial number below 14000) and 04.x before 04.03.00 (Serial Number above 14000), CoaguChek Pro II before 04.03.00, Coag...",4.0
CVE-2017-12724,ICU Medical,IIb,7.5,2.2,0.0046,1.76,Low,False,,,,True,https://ics-cert.us-cert.gov/advisories/ICSMA-17-250-02A; https://ics-cert.us-cert.gov/advisories/ICSMA-17-250-02A,3.0,HIGH,2026-04-08,0.64047,2018-02-15T10:29:00.477,"A Use of Hard-coded Credentials issue was discovered in Smiths Medical Medfusion 4000 Wireless Syringe Infusion Pump, Version 1.1, 1.5, and 1.6. The FTP server on the pump contains hardcoded credentia...",5.9
CVE-2017-12723,ICU Medical,IIb,7.5,2.2,0.0018,1.69,Low,False,,,,True,https://ics-cert.us-cert.gov/advisories/ICSMA-17-250-02A; https://ics-cert.us-cert.gov/advisories/ICSMA-17-250-02A,3.0,LOW,2026-04-08,0.38947,2018-02-15T10:29:00.430,"A Password in Configuration File issue was discovered in Smiths Medical Medfusion 4000 Wireless Syringe Infusion Pump, Version 1.1, 1.5, and 1.6. The pump stores some passwords in the configuration fi...",1.4
CVE-2017-12725,ICU Medical,IIb,7.5,2.2,0.0018,1.69,Low,False,,,,True,https://ics-cert.us-cert.gov/advisories/ICSMA-17-250-02A; https://ics-cert.us-cert.gov/advisories/ICSMA-17-250-02A,3.0,MEDIUM,2026-04-08,0.39355,2018-02-15T10:29:00.523,"A Use of Hard-coded Credentials issue was discovered in Smiths Medical Medfusion 4000 Wireless Syringe Infusion Pump, Version 1.1, 1.5, and 1.6. The pump with default network configuration uses hard-c...",3.4
CVE-2025-12995,Medtronic,IIb,7.5,2.2,0.0015,1.69,Low,False,,,,False,,3.1,HIGH,2026-04-08,0.35455,2025-12-04T20:16:17.197,Medtronic CareLink Network allows an unauthenticated remote attacker to perform a brute force attack on an API endpoint that could be used to determine a valid password under certain circumstances. Th...,5.9
CVE-2017-12721,ICU Medical,IIb,7.5,2.2,0.0013,1.68,Low,False,,,,True,https://ics-cert.us-cert.gov/advisories/ICSMA-17-250-02A; https://ics-cert.us-cert.gov/advisories/ICSMA-17-250-02A,3.0,MEDIUM,2026-04-08,0.31902,2018-02-15T10:29:00.320,"An Improper Certificate Validation issue was discovered in Smiths Medical Medfusion 4000 Wireless Syringe Infusion Pump, Version 1.1, 1.5, and 1.6. The pump does not validate host certificates, leavin...",3.6
CVE-2018-18561,Roche,IIb,7.5,2.1,0.0026,1.64,Low,False,,,,True,https://ics-cert.us-cert.gov/advisories/ICSMA-18-310-01; https://ics-cert.us-cert.gov/advisories/ICSMA-18-310-01,3.0,HIGH,2026-04-08,0.49597,2018-11-20T19:29:00.713,An issue was discovered in Roche Accu-Chek Inform II Base Unit / Base Unit Hub before 03.01.04 and CoaguChek / cobas h232 Handheld Base Unit before 03.01.04. Insecure permissions in a service interfac...,5.9
CVE-2019-10964,Medtronic,IIb,7.5,1.6,0.0034,1.26,Low,False,,,,True,https://www.cisa.gov/news-events/ics-medical-advisories/icsma-19-178-01; https://www.us-cert.gov/ics/advisories/icsma-19-178-01,3.1,HIGH,2026-04-08,0.56592,2019-06-28T21:15:11.007,"Medtronic MiniMed Insulin Pumps

 are designed to communicate using a wireless RF with other devices, such as blood glucose meters, glucose sensor transmitters, and CareLink USB devices. This wireless...",5.5
CVE-2018-14781,Medtronic,IIb,7.5,1.6,0.0013,1.22,Low,False,,,,True,https://ics-cert.us-cert.gov/advisories/ICSMA-18-219-02; https://ics-cert.us-cert.gov/advisories/ICSMA-18-219-02,3.1,MEDIUM,2026-04-08,0.32812,2018-08-13T21:48:01.227,"Medtronic MiniMed MMT 

devices when paired with a remote controller and having the “easy bolus” and “remote bolus” options enabled (non-default), are vulnerable to a capture-replay attack. An attacke...",3.6
CVE-2023-0888,Generic,IIb,7.5,1.2,0.0065,0.99,Low,False,,,,False,,3.1,MEDIUM,2026-04-08,0.70681,2023-03-13T09:15:10.013,An improper neutralization of directives in dynamically evaluated code vulnerability in the WiFi Battery embedded web server in versions L90/U70 and L92/U92 can be used to gain administrative access t...,3.6
CVE-2018-10626,Medtronic,IIb,7.5,1.3,0.0004,0.98,Low,False,,,,True,https://ics-cert.us-cert.gov/advisories/ICSMA-18-219-01; https://ics-cert.us-cert.gov/advisories/ICSMA-18-219-01,3.1,MEDIUM,2026-04-08,0.10625,2018-08-10T18:29:00.353,Medtronic MyCareLink Patient Monitor’s update service does not sufficiently verify the authenticity of the data uploaded. An attacker who obtains per-product credentials from the monitor and paired im...,2.7
CVE-2019-13530,Philips,IIb,7.5,1.2,0.0024,0.93,Low,False,,,,True,https://www.us-cert.gov/ics/advisories/icsma-19-255-01; https://www.us-cert.gov/ics/advisories/icsma-19-255-01,3.1,HIGH,2026-04-08,0.47719,2019-09-12T20:15:11.647,"Philips IntelliVue WLAN, portable patient monitors, WLAN Version A, Firmware A.03.09, WLAN Version A, Firmware A.03.09, Part #: M8096-67501, WLAN Version B, Firmware A.01.09, Part #: N/A (Replaced by ...",5.9
CVE-2018-10596,Medtronic,IIb,7.5,1.2,0.0018,0.92,Low,False,,,,True,https://www.cisa.gov/news-events/ics-medical-advisories/icsma-18-058-01; https://ics-cert.us-cert.gov/advisories/ICSMA-18-058-01,3.1,HIGH,2026-04-08,0.39899,2018-07-03T01:29:00.487,"Medtronic 2090 CareLink Programmer 

uses a virtual private network connection to securely download updates. It does not verify it is still connected to this virtual private network before downloading...",5.9
CVE-2018-5448,Medtronic,IIb,7.5,1.2,0.0012,0.92,Low,False,,,,True,https://www.cisa.gov/news-events/ics-medical-advisories/icsma-18-058-01; https://ics-cert.us-cert.gov/advisories/ICSMA-18-058-01,3.1,MEDIUM,2026-04-08,0.31445,2018-05-04T18:29:00.570,Medtronic 2090 CareLink Programmer’s software deployment network contains a directory traversal vulnerability that could allow an attacker to read files on the system.,3.6
CVE-2018-10634,Medtronic,IIb,7.5,1.2,0.0006,0.91,Low,False,,,,True,https://ics-cert.us-cert.gov/advisories/ICSMA-18-219-02; https://ics-cert.us-cert.gov/advisories/ICSMA-18-219-02,3.1,MEDIUM,2026-04-08,0.18598,2018-08-13T21:47:59.040,Communications between Medtronic MiniMed MMT pumps and wireless accessories are transmitted in cleartext. A sufficiently skilled attacker could capture these transmissions and extract sensitive inform...,3.6
CVE-2019-13534,Philips,IIb,7.5,1.2,0.0011,0.91,Low,False,,,,True,https://www.us-cert.gov/ics/advisories/icsma-19-255-01; https://www.us-cert.gov/ics/advisories/icsma-19-255-01,3.1,HIGH,2026-04-08,0.29274,2019-09-12T20:15:11.727,"Philips IntelliVue WLAN, portable patient monitors, WLAN Version A, Firmware A.03.09, WLAN Version A, Firmware A.03.09, Part #: M8096-67501, WLAN Version B, Firmware A.01.09, Part #: N/A (Replaced by ...",5.9
CVE-2016-9355,Becton Dickinson,IIb,7.5,0.9,0.0018,0.69,Low,False,,,,True,https://ics-cert.us-cert.gov/advisories/ICSMA-17-017-02; https://ics-cert.us-cert.gov/advisories/ICSMA-17-017-02,3.0,MEDIUM,2026-04-08,0.39945,2017-02-13T22:59:00.240,"An issue was discovered in Becton, Dickinson and Company (BD) Alaris 8015 Point of Care (PC) unit, Version 9.5 and prior versions, and Version 9.7. An unauthorized user with physical access to an Alar...",4.0
CVE-2014-5431,Baxter,IIb,7.5,0.9,0.0005,0.68,Low,False,,,,True,https://ics-cert.us-cert.gov/advisories/ICSA-15-181-01; https://ics-cert.us-cert.gov/advisories/ICSA-15-181-01,3.0,MEDIUM,2026-04-08,0.16639,2019-03-26T16:29:00.243,"Baxter SIGMA Spectrum Infusion System version 6.05 (model 35700BAX) with wireless battery module (WBM) version 16 contains a hard-coded password, which provides access to basic biomedical information,...",5.9
CVE-2018-18984,Medtronic,IIb,7.5,0.9,0.0008,0.68,Low,False,,,,True,https://ics-cert.us-cert.gov/advisories/ICSMA-18-347-01; https://ics-cert.us-cert.gov/advisories/ICSMA-18-347-01,3.1,MEDIUM,2026-04-08,0.24403,2018-12-14T15:29:00.700,"Medtronic CareLink and Encore Programmers

 do not encrypt or do not sufficiently encrypt sensitive 
PII and PHI information while at rest .",3.6
CVE-2020-12039,Baxter,IIb,7.5,0.9,0.0006,0.68,Low,False,,,,True,https://www.us-cert.gov/ics/advisories/icsma-20-170-04; https://www.us-cert.gov/ics/advisories/icsma-20-170-04,3.1,LOW,2026-04-08,0.17422,2020-06-29T14:15:11.617,Baxter Sigma Spectrum Infusion Pumps Sigma Spectrum Infusion System v's6.x model 35700BAX & Baxter Spectrum Infusion System v's8.x model 35700BAX2 contain hardcoded passwords when physically entered o...,1.4
CVE-2020-27278,Hamilton Medical,IIb,7.5,0.9,0.0005,0.68,Low,False,,,,True,https://us-cert.cisa.gov/ics/advisories/icsma-21-047-01; https://us-cert.cisa.gov/ics/advisories/icsma-21-047-01,3.1,MEDIUM,2026-04-08,0.15827,2021-03-15T22:15:12.873,"In Hamilton Medical AG,T1-Ventillator versions 2.2.3 and prior, hard-coded credentials in the ventilator allow attackers with physical access to obtain admin privileges for the device’s configuration ...",4.2
CVE-2020-27282,Hamilton Medical,IIb,7.5,0.7,0.0007,0.53,Low,False,,,,True,https://us-cert.cisa.gov/ics/advisories/icsma-21-047-01; https://us-cert.cisa.gov/ics/advisories/icsma-21-047-01,3.1,MEDIUM,2026-04-08,0.22432,2021-03-15T22:15:13.017,"In Hamilton Medical AG,T1-Ventillator versions 2.2.3 and prior, an XML validation vulnerability in the ventilator allows privileged attackers with physical access to render the device persistently unu...",3.6
CVE-2020-27290,Hamilton Medical,IIb,7.5,0.7,0.0005,0.53,Low,False,,,,True,https://us-cert.cisa.gov/ics/advisories/icsma-21-047-01; https://us-cert.cisa.gov/ics/advisories/icsma-21-047-01,3.1,MEDIUM,2026-04-08,0.16742,2021-03-15T22:15:13.077,"In Hamilton Medical AG,T1-Ventillator versions 2.2.3 and prior, an information disclosure vulnerability in the ventilator allows attackers with physical access to the configuration interface's logs to...",3.6
CVE-2025-12997,Medtronic,IIb,7.5,0.7,0.0004,0.53,Low,False,,,,False,,3.1,LOW,2026-04-08,0.13585,2025-12-04T20:16:17.480,Insecure Direct Object Reference vulnerability in Medtronic CareLink Network which allows an authenticated attacker with access to specific device and user information to submit web requests to an API...,1.4
CVE-2016-8375,Becton Dickinson,IIb,7.5,0.5,0.0021,0.39,Low,False,,,,True,https://ics-cert.us-cert.gov/advisories/ICSMA-17-017-01; https://ics-cert.us-cert.gov/advisories/ICSMA-17-017-02; https://ics-cert.us-cert.gov/advisories/ICSMA-17-017-01; https://ics-cert.us-cert.gov/advisories/ICSMA-17-017-02,3.0,MEDIUM,2026-04-08,0.42994,2017-02-13T22:59:00.210,"An issue was discovered in Becton, Dickinson and Company (BD) Alaris 8015 Point of Care (PC) unit, Version 9.5 and prior versions, and Version 9.7, and 8000 PC unit. An unauthorized user with physical...",4.0
CVE-2018-5446,Medtronic,IIb,7.5,0.5,0.0009,0.38,Low,False,,,,True,https://www.cisa.gov/news-events/ics-medical-advisories/icsma-18-058-01; https://ics-cert.us-cert.gov/advisories/ICSMA-18-058-01,3.1,MEDIUM,2026-04-08,0.25575,2018-05-04T18:29:00.523,"Medtronic 2090 CareLink Programmer 

uses a per-product username and password that is stored in a recoverable format.",4.0
CVE-2020-12023,Philips,IIb,7.5,0.5,0.0005,0.38,Low,False,,,,True,https://www.cisa.gov/news-events/ics-medical-advisories/icsma-20-163-01; https://www.us-cert.gov/ics/advisories/icsma-20-163-01,3.1,LOW,2026-04-08,0.14352,2020-06-11T20:15:10.960,"Philips IntelliBridge Enterprise (IBE), Versions B.12 and prior, IntelliBridge Enterprise system integration with SureSigns (VS4), EarlyVue (VS30) and IntelliVue Guardian (IGS). Unencrypted user crede...",1.4
CVE-2025-12996,Medtronic,IIb,7.5,0.5,0.0002,0.38,Low,False,,,,False,,3.1,MEDIUM,2026-04-08,0.05599,2025-12-04T20:16:17.340,Medtronic CareLink Network allows a local attacker with access to log files on an internal API server to view plaintext passwords from errors logged under certain circumstances. This issue affects Car...,3.6
